-- MySQL dump 10.13  Distrib 8.0.37, for Linux (x86_64)
--
-- Host: localhost    Database: utdevals
-- ------------------------------------------------------
-- Server version	8.0.37-0ubuntu0.22.04.3

/*!40101 SET @OLD_CHARACTER_SET_CLIENT=@@CHARACTER_SET_CLIENT */;
/*!40101 SET @OLD_CHARACTER_SET_RESULTS=@@CHARACTER_SET_RESULTS */;
/*!40101 SET @OLD_COLLATION_CONNECTION=@@COLLATION_CONNECTION */;
/*!50503 SET NAMES utf8mb4 */;
/*!40103 SET @OLD_TIME_ZONE=@@TIME_ZONE */;
/*!40103 SET TIME_ZONE='+00:00' */;
/*!40014 SET @OLD_UNIQUE_CHECKS=@@UNIQUE_CHECKS, UNIQUE_CHECKS=0 */;
/*!40014 SET @OLD_FOREIGN_KEY_CHECKS=@@FOREIGN_KEY_CHECKS, FOREIGN_KEY_CHECKS=0 */;
/*!40101 SET @OLD_SQL_MODE=@@SQL_MODE, SQL_MODE='NO_AUTO_VALUE_ON_ZERO' */;
/*!40111 SET @OLD_SQL_NOTES=@@SQL_NOTES, SQL_NOTES=0 */;

--
-- Table structure for table `Course`
--

DROP TABLE IF EXISTS `Course`;
/*!40101 SET @saved_cs_client     = @@character_set_client */;
/*!50503 SET character_set_client = utf8mb4 */;
CREATE TABLE `Course` (
  `id` varchar(100) NOT NULL,
  `title` varchar(100) DEFAULT NULL,
  `en` int NOT NULL,
  `etr` int NOT NULL,
  `rc` int NOT NULL,
  `instructId` int NOT NULL,
  `deptId` int NOT NULL,
  PRIMARY KEY (`id`),
  KEY `instructIdFK` (`instructId`),
  KEY `courseDeptIdFK` (`deptId`),
  CONSTRAINT `courseDeptIdFK` FOREIGN KEY (`deptId`) REFERENCES `Dept` (`id`) ON DELETE RESTRICT ON UPDATE CASCADE,
  CONSTRAINT `instructIdFK` FOREIGN KEY (`instructId`) REFERENCES `Instructor` (`id`) ON DELETE RESTRICT ON UPDATE CASCADE
) ENGINE=InnoDB DEFAULT CHARSET=utf8mb4 COLLATE=utf8mb4_0900_ai_ci;
/*!40101 SET character_set_client = @saved_cs_client */;

--
-- Dumping data for table `Course`
--

LOCK TABLES `Course` WRITE;
/*!40000 ALTER TABLE `Course` DISABLE KEYS */;
INSERT INTO `Course` VALUES ('CS3345.001.24S','Data Structures and Introduction to Algorithmic Analysis',65,65,9,13,1),('CS3345.002.24S','Data Structures and Introduction to Algorithmic Analysis',66,66,8,12,1),('CS3345.003.24S','Data Structures and Introduction to Algorithmic Analysis',73,73,10,11,1),('CS3345.004.24S','Data Structures and Introduction to Algorithmic Analysis',57,57,11,10,1),('CS3345.005.24S','Data Structures and Introduction to Algorithmic Analysis',62,62,5,9,1),('CS3345.006.24S','Data Structures and Introduction to Algorithmic Analysis',71,71,11,9,1),('CS3345.007.24S','Data Structures and Introduction to Algorithmic Analysis',62,62,12,8,1),('CS3345.008.24S','Data Structures and Introduction to Algorithmic Analysis',59,59,8,2,1),('CS3345.501.24S','Data Structures and Introduction to Algorithmic Analysis',64,64,7,7,1),('CS3345.502.24S','Data Structures and Introduction to Algorithmic Analysis',69,69,9,7,1),('CS3345.503.24S',' Data Structures and Introduction to Algorithmic Analysis',65,65,27,6,1),('CS3354.001.24S','Software Engineering',68,68,18,18,1),('CS3354.002.24S','Software Engineering',65,65,23,17,1),('CS3354.003.24S','Software Engineering',69,69,9,16,1),('CS3354.501.24S','Software Engineering',57,57,7,15,1),('CS3354.502.24S','Software Engineering',70,70,9,15,1),('CS3354.503.24S','Software Engineering',68,68,44,14,1),('CS4349.001.24S','Advanced Algorithm Design and Analysis',89,89,20,5,1),('CS4349.002.24S','Advanced Algorithm Design and Analysis',90,90,20,5,1),('CS4349.003.24S','Advanced Algorithm Design and Analysis',89,89,33,4,1),('CS4349.004.24S','Advanced Algorithm Design and Analysis',88,88,3,3,1),('CS4349.005.24S','Advanced Algorithm Design and Analysis',90,90,14,2,1),('CS4349.006.24S ','Advanced Algorithm Design and Analysis ',39,39,16,1,1);
/*!40000 ALTER TABLE `Course` ENABLE KEYS */;
UNLOCK TABLES;

--
-- Table structure for table `Dept`
--

DROP TABLE IF EXISTS `Dept`;
/*!40101 SET @saved_cs_client     = @@character_set_client */;
/*!50503 SET character_set_client = utf8mb4 */;
CREATE TABLE `Dept` (
  `id` int NOT NULL AUTO_INCREMENT,
  `name` varchar(100) NOT NULL,
  PRIMARY KEY (`id`),
  UNIQUE KEY `deptName` (`name`)
) ENGINE=InnoDB AUTO_INCREMENT=2 DEFAULT CHARSET=utf8mb4 COLLATE=utf8mb4_0900_ai_ci;
/*!40101 SET character_set_client = @saved_cs_client */;

--
-- Dumping data for table `Dept`
--

LOCK TABLES `Dept` WRITE;
/*!40000 ALTER TABLE `Dept` DISABLE KEYS */;
INSERT INTO `Dept` VALUES (1,'Erik Jonsson School of Engineering and Computer Science\r');
/*!40000 ALTER TABLE `Dept` ENABLE KEYS */;
UNLOCK TABLES;

--
-- Table structure for table `Evaluation`
--

DROP TABLE IF EXISTS `Evaluation`;
/*!40101 SET @saved_cs_client     = @@character_set_client */;
/*!50503 SET character_set_client = utf8mb4 */;
CREATE TABLE `Evaluation` (
  `cid` varchar(100) NOT NULL,
  `qid` int NOT NULL,
  `med` float NOT NULL,
  `mu` float NOT NULL,
  `sig` float NOT NULL,
  `sd` int NOT NULL,
  `d` int NOT NULL,
  `n` int NOT NULL,
  `a` int NOT NULL,
  `sa` int NOT NULL,
  `tot` int NOT NULL,
  PRIMARY KEY (`cid`,`qid`),
  KEY `qidFK` (`qid`),
  CONSTRAINT `cidFK` FOREIGN KEY (`cid`) REFERENCES `Course` (`id`) ON DELETE RESTRICT ON UPDATE CASCADE,
  CONSTRAINT `qidFK` FOREIGN KEY (`qid`) REFERENCES `Question` (`id`) ON DELETE RESTRICT ON UPDATE CASCADE
) ENGINE=InnoDB DEFAULT CHARSET=utf8mb4 COLLATE=utf8mb4_0900_ai_ci;
/*!40101 SET character_set_client = @saved_cs_client */;

--
-- Dumping data for table `Evaluation`
--

LOCK TABLES `Evaluation` WRITE;
/*!40000 ALTER TABLE `Evaluation` DISABLE KEYS */;
INSERT INTO `Evaluation` VALUES ('CS3345.001.24S',1,4.94,4.67,1,0,1,0,0,8,9),('CS3345.001.24S',2,4.94,4.67,1,0,1,0,0,8,9),('CS3345.001.24S',3,4.94,4.67,1,0,1,0,0,8,9),('CS3345.001.24S',4,4.94,4.78,0.67,0,0,1,0,8,9),('CS3345.001.24S',5,4.75,4.44,1.01,0,1,0,2,6,9),('CS3345.001.24S',6,4.86,4.56,1.01,0,1,0,1,7,9),('CS3345.001.24S',7,4.75,4.44,1.01,0,1,0,2,6,9),('CS3345.001.24S',8,4.75,4.44,1.01,0,1,0,2,6,9),('CS3345.001.24S',9,4.86,4.78,0.44,0,0,0,2,7,9),('CS3345.001.24S',10,4.94,4.67,1,0,1,0,0,8,9),('CS3345.001.24S',11,4.86,4.67,0.71,0,0,1,1,7,9),('CS3345.001.24S',12,4.75,4.44,1.01,0,1,0,2,6,9),('CS3345.001.24S',13,4.75,4.22,1.39,1,0,1,1,6,9),('CS3345.001.24S',14,4.86,4.44,1.33,1,0,0,1,7,9),('CS3345.001.24S',15,4.86,4.44,1.33,1,0,0,1,7,9),('CS3345.002.24S',1,4,3.89,0.78,0,1,0,7,1,9),('CS3345.002.24S',2,3.63,3.22,1.3,1,2,1,4,1,9),('CS3345.002.24S',3,3,2.89,1.17,1,3,1,4,0,9),('CS3345.002.24S',4,3.75,3.78,1.09,0,1,3,2,3,9),('CS3345.002.24S',5,2.13,2.67,1.58,2,4,0,1,2,9),('CS3345.002.24S',6,3.63,3.56,0.88,0,1,3,4,1,9),('CS3345.002.24S',7,3.63,3.44,1.01,0,2,2,4,1,9),('CS3345.002.24S',8,3.67,3.78,0.83,0,0,4,3,2,9),('CS3345.002.24S',9,4.2,4.22,0.67,0,0,1,5,3,9),('CS3345.002.24S',10,2.4,2.89,1.17,0,5,1,2,1,9),('CS3345.002.24S',11,4,4,0,0,0,0,9,0,9),('CS3345.002.24S',12,4,4,0.5,0,0,1,7,1,9),('CS3345.002.24S',13,4,3.89,0.78,0,1,0,7,1,9),('CS3345.002.24S',14,4.14,4.22,0.44,0,0,0,7,2,9),('CS3345.002.24S',15,3.6,3.33,0.87,0,2,2,5,0,9),('CS3345.003.24S',1,4.5,4.5,0.53,0,0,0,5,5,10),('CS3345.003.24S',2,4.5,4.3,0.82,0,0,2,3,5,10),('CS3345.003.24S',3,4.5,4.3,0.95,0,1,0,4,5,10),('CS3345.003.24S',4,4.67,4.6,0.52,0,0,0,4,6,10),('CS3345.003.24S',5,4.67,4.6,0.52,0,0,0,4,6,10),('CS3345.003.24S',6,4.67,4.6,0.52,0,0,0,4,6,10),('CS3345.003.24S',7,4.33,4.4,0.52,0,0,0,6,4,10),('CS3345.003.24S',8,4.33,4.4,0.52,0,0,0,6,4,10),('CS3345.003.24S',9,4.67,4.6,0.52,0,0,0,4,6,10),('CS3345.003.24S',10,4.5,4.5,0.53,0,0,0,5,5,10),('CS3345.003.24S',11,4.67,4.6,0.52,0,0,0,4,6,10),('CS3345.003.24S',12,4.67,4.6,0.52,0,0,0,4,6,10),('CS3345.003.24S',13,4.67,4.6,0.52,0,0,0,4,6,10),('CS3345.003.24S',14,4.67,4.6,0.52,0,0,0,4,6,10),('CS3345.003.24S',15,4.67,4.6,0.52,0,0,0,4,6,10),('CS3345.004.24S',1,3.75,3.64,1.36,1,1,3,2,4,11),('CS3345.004.24S',2,2.75,2.91,1.64,3,2,2,1,3,11),('CS3345.004.24S',3,2.75,2.91,1.64,3,2,2,1,3,11),('CS3345.004.24S',4,3.75,3.36,1.63,2,2,1,2,4,11),('CS3345.004.24S',5,3,2.91,1.58,3,2,1,3,2,11),('CS3345.004.24S',6,4.13,3.73,1.49,2,0,1,4,4,11),('CS3345.004.24S',7,4.33,3.91,1.38,1,1,1,3,5,11),('CS3345.004.24S',8,4.33,4,1.26,1,0,2,3,5,11),('CS3345.004.24S',9,3.33,3.27,1.49,2,1,3,2,3,11),('CS3345.004.24S',10,3.33,3.27,1.49,2,1,3,2,3,11),('CS3345.004.24S',11,4.38,4.09,1.22,1,0,1,4,5,11),('CS3345.004.24S',12,3.63,3.36,1.29,1,2,2,4,2,11),('CS3345.004.24S',13,4,3.73,1.35,1,1,2,3,4,11),('CS3345.004.24S',14,4,3.64,1.43,1,2,1,3,4,11),('CS3345.004.24S',15,2.75,3.09,1.45,1,4,2,1,3,11),('CS3345.005.24S',1,4.13,4.2,0.45,0,0,0,4,1,5),('CS3345.005.24S',2,4,4,0.71,0,0,1,3,1,5),('CS3345.005.24S',3,4.67,4.4,0.89,0,0,1,1,3,5),('CS3345.005.24S',4,4.33,4.4,0.55,0,0,0,3,2,5),('CS3345.005.24S',5,4.25,4.2,0.84,0,0,1,2,2,5),('CS3345.005.24S',6,4.33,4.4,0.55,0,0,0,3,2,5),('CS3345.005.24S',7,3.75,3.6,1.14,0,1,1,2,1,5),('CS3345.005.24S',8,4.13,4.2,0.45,0,0,0,4,1,5),('CS3345.005.24S',9,4,4,0.71,0,0,1,3,1,5),('CS3345.005.24S',10,4.25,4.2,0.84,0,0,1,2,2,5),('CS3345.005.24S',11,4.33,4.4,0.55,0,0,0,3,2,5),('CS3345.005.24S',12,3.75,3.8,0.84,0,0,2,2,1,5),('CS3345.005.24S',13,4,4,0.71,0,0,1,3,1,5),('CS3345.005.24S',14,4.25,4.2,0.84,0,0,1,2,2,5),('CS3345.005.24S',15,4,4,1,0,0,2,1,2,5),('CS3345.006.24S',1,4.33,4.25,0.87,0,1,0,6,5,12),('CS3345.006.24S',2,3.7,3.58,1,0,2,3,5,2,12),('CS3345.006.24S',3,3.6,3.55,0.82,0,1,4,5,1,11),('CS3345.006.24S',4,4.25,4.27,0.65,0,0,1,6,4,11),('CS3345.006.24S',5,3.8,3.73,0.9,0,1,3,5,2,11),('CS3345.006.24S',6,4.14,4.18,0.6,0,0,1,7,3,11),('CS3345.006.24S',7,2.75,2.82,1.33,2,3,2,3,1,11),('CS3345.006.24S',8,3.75,3.27,1.35,2,1,1,6,1,11),('CS3345.006.24S',9,4.08,4,0.89,0,1,1,6,3,11),('CS3345.006.24S',10,3.8,3.73,0.9,0,1,3,5,2,11),('CS3345.006.24S',11,4.06,3.91,1.04,1,0,0,8,2,11),('CS3345.006.24S',12,4,3.91,0.83,0,1,1,7,2,11),('CS3345.006.24S',13,3.75,3.55,0.93,0,2,2,6,1,11),('CS3345.006.24S',14,4.06,4,0.77,0,1,0,8,2,11),('CS3345.006.24S',15,3.86,3.64,0.92,0,2,1,7,1,11),('CS3345.007.24S',1,3.86,3.54,1.2,1,2,1,7,2,13),('CS3345.007.24S',2,3.71,3.23,1.3,2,2,1,7,1,13),('CS3345.007.24S',3,3.57,3.23,1.01,1,2,3,7,0,13),('CS3345.007.24S',4,4.07,3.92,1.08,1,0,1,7,3,12),('CS3345.007.24S',5,3,2.83,1.59,4,1,2,3,2,12),('CS3345.007.24S',6,4,3.5,1.62,3,0,1,4,4,12),('CS3345.007.24S',7,3.75,3.42,1.44,2,1,2,4,3,12),('CS3345.007.24S',8,3.83,3.58,1.16,1,1,2,6,2,12),('CS3345.007.24S',9,3.93,3.75,1.06,1,0,2,7,2,12),('CS3345.007.24S',10,3.5,3.17,1.34,1,4,1,4,2,12),('CS3345.007.24S',11,3.83,3.67,1.23,0,3,2,3,4,12),('CS3345.007.24S',12,3.79,3.67,0.78,0,1,3,7,1,12),('CS3345.007.24S',13,3.93,3.83,0.83,0,1,2,7,2,12),('CS3345.007.24S',14,4.21,4.08,1.08,1,0,0,7,4,12),('CS3345.007.24S',15,3.75,3.33,1.56,3,0,2,4,3,12),('CS3345.008.24S',1,4.3,4.38,0.52,0,0,0,5,3,8),('CS3345.008.24S',2,4.1,4.13,0.64,0,0,1,5,2,8),('CS3345.008.24S',3,4.25,4.25,0.71,0,0,1,4,3,8),('CS3345.008.24S',4,4.5,4.5,0.53,0,0,0,4,4,8),('CS3345.008.24S',5,4.5,4.5,0.53,0,0,0,4,4,8),('CS3345.008.24S',6,4.5,4.5,0.53,0,0,0,4,4,8),('CS3345.008.24S',7,4.1,4.13,0.64,0,0,1,5,2,8),('CS3345.008.24S',8,4.25,4.25,0.71,0,0,1,4,3,8),('CS3345.008.24S',9,4.5,4.38,0.74,0,0,1,3,4,8),('CS3345.008.24S',10,4.1,4.13,0.64,0,0,1,5,2,8),('CS3345.008.24S',11,4.3,4.38,0.52,0,0,0,5,3,8),('CS3345.008.24S',12,4.5,4.38,0.74,0,0,1,3,4,8),('CS3345.008.24S',13,4.17,4.25,0.46,0,0,0,6,2,8),('CS3345.008.24S',14,4.25,4.25,0.71,0,0,1,4,3,8),('CS3345.008.24S',15,4,4,0.76,0,0,2,4,2,8),('CS3345.501.24S',1,3.88,3.33,1.58,2,1,0,4,2,9),('CS3345.501.24S',2,2,2.67,1.8,4,1,0,2,2,9),('CS3345.501.24S',3,4,3.56,1.59,2,0,1,3,3,9),('CS3345.501.24S',4,4.13,3.78,1.39,1,1,0,4,3,9),('CS3345.501.24S',5,3.67,3.22,1.56,2,1,1,3,2,9),('CS3345.501.24S',6,4.6,4.22,1.3,1,0,0,3,5,9),('CS3345.501.24S',7,4,3.56,1.51,2,0,0,5,2,9),('CS3345.501.24S',8,3.75,3.22,1.72,2,2,0,2,3,9),('CS3345.501.24S',9,4,3.67,1.41,1,1,1,3,3,9),('CS3345.501.24S',10,3.75,3.44,1.59,2,0,2,2,3,9),('CS3345.501.24S',11,4.2,4,1.22,1,0,0,5,3,9),('CS3345.501.24S',12,3.67,3.44,1.33,1,1,2,3,2,9),('CS3345.501.24S',13,4,3.78,1.09,1,0,0,7,1,9),('CS3345.501.24S',14,4.38,4.11,1.27,1,0,0,4,4,9),('CS3345.501.24S',15,4.25,4,1.31,1,0,0,4,3,8),('CS3345.502.24S',1,4.21,4.3,0.48,0,0,0,7,3,10),('CS3345.502.24S',2,3.25,3.4,1.07,0,2,4,2,2,10),('CS3345.502.24S',3,4.5,4.4,0.7,0,0,1,4,5,10),('CS3345.502.24S',4,4.79,4.7,0.48,0,0,0,3,7,10),('CS3345.502.24S',5,4,3.9,0.88,0,1,1,6,2,10),('CS3345.502.24S',6,4.88,4.8,0.42,0,0,0,2,8,10),('CS3345.502.24S',7,4.07,4.1,0.57,0,0,1,7,2,10),('CS3345.502.24S',8,3.9,3.9,0.74,0,0,3,5,2,10),('CS3345.502.24S',9,4.25,4.2,0.79,0,0,2,4,4,10),('CS3345.502.24S',10,4.3,4.3,0.67,0,0,1,5,4,10),('CS3345.502.24S',11,4.79,4.7,0.48,0,0,0,3,7,10),('CS3345.502.24S',12,4.21,4.3,0.48,0,0,0,7,3,10),('CS3345.502.24S',13,4.33,4.4,0.52,0,0,0,6,4,10),('CS3345.502.24S',14,4.67,4.6,0.52,0,0,0,4,6,10),('CS3345.502.24S',15,4.5,4.2,1.03,0,1,1,3,5,10),('CS3345.503.24S',1,4.89,4.82,0.39,0,0,0,5,23,28),('CS3345.503.24S',2,4.89,4.82,0.39,0,0,0,5,23,28),('CS3345.503.24S',3,4.86,4.75,0.52,0,0,1,5,22,28),('CS3345.503.24S',4,4.96,4.93,0.26,0,0,0,2,26,28),('CS3345.503.24S',5,4.89,4.79,0.5,0,0,1,4,23,28),('CS3345.503.24S',6,4.98,4.96,0.19,0,0,0,1,27,28),('CS3345.503.24S',7,4.8,4.64,0.62,0,0,2,6,20,28),('CS3345.503.24S',8,4.72,4.43,0.84,0,0,6,4,18,28),('CS3345.503.24S',9,4.86,4.68,0.72,0,1,1,4,22,28),('CS3345.503.24S',10,4.92,4.82,0.48,0,0,1,3,24,28),('CS3345.503.24S',11,4.8,4.64,0.62,0,0,2,6,20,28),('CS3345.503.24S',12,4.8,4.61,0.74,0,1,1,6,20,28),('CS3345.503.24S',13,4.6,4.11,1.22,1,3,3,5,15,27),('CS3345.503.24S',14,4.89,4.78,0.51,0,0,1,4,22,27),('CS3345.503.24S',15,4.88,4.69,0.68,0,0,3,2,21,26),('CS3354.001.24S',1,4.64,4.58,0.51,0,0,0,8,11,19),('CS3354.001.24S',2,4.55,4.53,0.51,0,0,0,9,10,19),('CS3354.001.24S',3,4.25,4.26,0.65,0,0,2,10,7,19),('CS3354.001.24S',4,4.91,4.84,0.37,0,0,0,3,16,19),('CS3354.001.24S',5,4.5,4.5,0.51,0,0,0,9,9,18),('CS3354.001.24S',6,4.29,4.11,0.99,0,2,2,7,8,19),('CS3354.001.24S',7,4,3.95,0.91,0,1,5,7,6,19),('CS3354.001.24S',8,3.75,3.84,0.83,0,0,8,6,5,19),('CS3354.001.24S',9,4.19,4,1.11,1,1,2,8,7,19),('CS3354.001.24S',10,4.09,4.11,0.66,0,0,3,11,5,19),('CS3354.001.24S',11,4.28,4.28,0.67,0,0,2,9,7,18),('CS3354.001.24S',12,4.17,4.11,0.83,0,1,2,9,6,18),('CS3354.001.24S',13,4.17,4.11,0.83,0,1,2,9,6,18),('CS3354.001.24S',14,4.6,4.44,0.7,0,0,2,6,10,18),('CS3354.001.24S',15,4.21,4.06,1.06,1,0,3,7,7,18),('CS3354.002.24S',1,4.15,4.09,0.85,0,1,4,10,8,23),('CS3354.002.24S',2,4.09,3.91,1.12,2,0,3,11,7,23),('CS3354.002.24S',3,4.25,4.04,1.02,0,2,5,6,10,23),('CS3354.002.24S',4,4.5,4.29,0.86,0,1,3,8,12,24),('CS3354.002.24S',5,4,3.83,1.09,1,2,4,10,7,24),('CS3354.002.24S',6,4.58,4.46,0.66,0,0,2,9,13,24),('CS3354.002.24S',7,4.33,4.33,0.64,0,0,2,12,10,24),('CS3354.002.24S',8,4.58,4.42,0.72,0,0,3,8,13,24),('CS3354.002.24S',9,4.33,4.17,0.87,0,0,7,6,11,24),('CS3354.002.24S',10,4.33,4.08,1.02,0,2,5,6,11,24),('CS3354.002.24S',11,4.5,4.38,0.71,0,0,3,9,12,24),('CS3354.002.24S',12,4.36,4.21,0.83,0,0,6,7,11,24),('CS3354.002.24S',13,4.36,4.13,0.99,0,2,4,7,11,24),('CS3354.002.24S',14,4.41,4.33,0.76,0,1,1,11,11,24),('CS3354.002.24S',15,4.25,4.17,0.83,0,1,3,10,9,23),('CS3354.003.24S',1,4.2,4.11,0.93,0,1,0,5,3,9),('CS3354.003.24S',2,4.25,3.89,1.27,0,2,1,2,4,9),('CS3354.003.24S',3,3.33,3.44,1.13,0,2,3,2,2,9),('CS3354.003.24S',4,4.2,4.11,0.93,0,1,0,5,3,9),('CS3354.003.24S',5,3.88,3.56,1.24,0,3,0,4,2,9),('CS3354.003.24S',6,4.13,4.11,0.78,0,0,2,4,3,9),('CS3354.003.24S',7,4.13,4,1,0,1,1,4,3,9),('CS3354.003.24S',8,3.88,3.78,0.97,0,1,2,4,2,9),('CS3354.003.24S',9,4.33,4.11,1.05,0,1,1,3,4,9),('CS3354.003.24S',10,4.13,3.89,1.17,0,2,0,4,3,9),('CS3354.003.24S',11,4.13,4.11,0.78,0,0,2,4,3,9),('CS3354.003.24S',12,4.25,3.78,1.48,1,1,1,2,4,9),('CS3354.003.24S',13,4,3.78,1.2,0,2,1,3,3,9),('CS3354.003.24S',14,3.25,3.22,1.39,1,2,2,2,2,9),('CS3354.003.24S',15,3.25,3.22,1.39,1,2,2,2,2,9),('CS3354.501.24S',1,4.63,4.57,0.53,0,0,0,3,4,7),('CS3354.501.24S',2,4,4,0.58,0,0,1,5,1,7),('CS3354.501.24S',3,3.75,3.71,1.11,0,1,2,2,2,7),('CS3354.501.24S',4,4.63,4.57,0.53,0,0,0,3,4,7),('CS3354.501.24S',5,4.25,4,1.15,0,1,1,2,3,7),('CS3354.501.24S',6,4.25,3.86,1.35,0,2,0,2,3,7),('CS3354.501.24S',7,4.33,4.29,0.76,0,0,1,3,3,7),('CS3354.501.24S',8,4.25,4.14,0.9,0,0,2,2,3,7),('CS3354.501.24S',9,4.38,4.43,0.53,0,0,0,4,3,7),('CS3354.501.24S',10,3.75,3.86,0.9,0,0,3,2,2,7),('CS3354.501.24S',11,3.25,3.29,1.11,0,2,2,2,1,7),('CS3354.501.24S',12,4.63,4.57,0.53,0,0,0,3,4,7),('CS3354.501.24S',13,3.67,3.29,1.38,1,1,1,3,1,7),('CS3354.501.24S',14,4,3.86,1.21,0,1,2,1,3,7),('CS3354.501.24S',15,3.75,3.43,1.4,0,3,0,2,2,7),('CS3354.502.24S',1,4.75,4.56,0.73,0,0,1,2,6,9),('CS3354.502.24S',2,4.6,4.33,0.87,0,0,2,2,5,9),('CS3354.502.24S',3,3.33,3.33,1,0,2,3,3,1,9),('CS3354.502.24S',4,4.6,4.44,0.73,0,0,1,3,5,9),('CS3354.502.24S',5,3.75,3.89,0.93,0,0,4,2,3,9),('CS3354.502.24S',6,4.13,4.11,0.78,0,0,2,4,3,9),('CS3354.502.24S',7,4,3.89,0.93,0,1,1,5,2,9),('CS3354.502.24S',8,4.38,4.33,0.71,0,0,1,4,4,9),('CS3354.502.24S',9,4.2,4.22,0.67,0,0,1,5,3,9),('CS3354.502.24S',10,3.8,3.78,0.67,0,0,3,5,1,9),('CS3354.502.24S',11,4.38,4.11,1.27,1,0,0,4,4,9),('CS3354.502.24S',12,4.6,4.33,1,0,1,0,3,5,9),('CS3354.502.24S',13,3.63,3.33,1.22,1,1,2,4,1,9),('CS3354.502.24S',14,3.92,3.89,0.6,0,0,2,6,1,9),('CS3354.502.24S',15,3.88,3.78,0.97,0,1,2,4,2,9),('CS3354.503.24S',1,4.26,4.17,0.85,0,3,4,21,18,46),('CS3354.503.24S',2,4.09,4,0.89,0,4,6,22,14,46),('CS3354.503.24S',3,4.2,4.17,0.74,0,1,6,23,16,46),('CS3354.503.24S',4,4.62,4.48,0.66,0,0,4,16,26,46),('CS3354.503.24S',5,3.94,3.83,1.04,1,4,11,16,14,46),('CS3354.503.24S',6,4.76,4.61,0.61,0,0,3,12,31,46),('CS3354.503.24S',7,4.58,4.33,0.84,0,1,8,12,25,46),('CS3354.503.24S',8,4.62,4.43,0.72,0,0,6,14,26,46),('CS3354.503.24S',9,4.32,4.22,0.82,0,2,5,19,19,45),('CS3354.503.24S',10,4.44,4.34,0.75,0,1,4,18,21,44),('CS3354.503.24S',11,4.56,4.42,0.72,0,1,3,17,24,45),('CS3354.503.24S',12,4.25,4.22,0.74,0,1,5,22,17,45),('CS3354.503.24S',13,4.54,4.41,0.73,0,1,3,17,23,44),('CS3354.503.24S',14,4.58,4.41,0.76,0,1,4,15,24,44),('CS3354.503.24S',15,4.63,4.31,0.97,1,1,7,10,26,45),('CS4349.001.24S',1,4.83,4.75,0.44,0,0,0,5,15,20),('CS4349.001.24S',2,4.79,4.55,0.83,0,1,1,4,14,20),('CS4349.001.24S',3,4.73,4.6,0.6,0,0,1,6,13,20),('CS4349.001.24S',4,4.91,4.85,0.37,0,0,0,3,17,20),('CS4349.001.24S',5,4.88,4.8,0.41,0,0,0,4,16,20),('CS4349.001.24S',6,4.79,4.7,0.47,0,0,0,6,14,20),('CS4349.001.24S',7,4.73,4.55,0.69,0,0,2,5,13,20),('CS4349.001.24S',8,4.79,4.6,0.68,0,0,2,4,14,20),('CS4349.001.24S',9,4.73,4.55,0.76,0,1,0,6,13,20),('CS4349.001.24S',10,4.83,4.75,0.44,0,0,0,5,15,20),('CS4349.001.24S',11,4.88,4.75,0.55,0,0,1,3,16,20),('CS4349.001.24S',12,4.73,4.55,0.76,0,1,0,6,13,20),('CS4349.001.24S',13,4.5,4.35,0.75,0,0,3,7,10,20),('CS4349.001.24S',14,4.67,4.5,0.76,0,1,0,7,12,20),('CS4349.001.24S',15,4.5,4.15,0.99,0,1,5,4,10,20),('CS4349.002.24S',1,4.83,4.75,0.44,0,0,0,5,15,20),('CS4349.002.24S',2,4.73,4.6,0.6,0,0,1,6,13,20),('CS4349.002.24S',3,4.67,4.6,0.5,0,0,0,8,12,20),('CS4349.002.24S',4,4.83,4.75,0.44,0,0,0,5,15,20),('CS4349.002.24S',5,4.79,4.65,0.59,0,0,1,5,14,20),('CS4349.002.24S',6,4.83,4.75,0.44,0,0,0,5,15,20),('CS4349.002.24S',7,4.67,4.4,0.82,0,0,4,4,12,20),('CS4349.002.24S',8,4.36,4.25,0.79,0,0,4,7,9,20),('CS4349.002.24S',9,4.67,4.55,0.6,0,0,1,7,12,20),('CS4349.002.24S',10,4.88,4.8,0.41,0,0,0,4,16,20),('CS4349.002.24S',11,4.67,4.5,0.69,0,0,2,6,12,20),('CS4349.002.24S',12,4.67,4.45,0.76,0,0,3,5,12,20),('CS4349.002.24S',13,3.88,3.85,0.88,0,1,6,8,5,20),('CS4349.002.24S',14,4.67,4.55,0.6,0,0,1,7,12,20),('CS4349.002.24S',15,4.59,4.3,0.92,0,1,3,5,11,20),('CS4349.003.24S',1,4.81,4.73,0.45,0,0,0,9,24,33),('CS4349.003.24S',2,4.71,4.58,0.61,0,0,2,10,21,33),('CS4349.003.24S',3,4.46,4.39,0.66,0,0,3,14,16,33),('CS4349.003.24S',4,4.89,4.79,0.48,0,0,1,5,27,33),('CS4349.003.24S',5,4.58,4.3,1.02,1,2,1,11,18,33),('CS4349.003.24S',6,4.75,4.61,0.61,0,0,2,9,22,33),('CS4349.003.24S',7,4.78,4.61,0.7,0,1,1,8,23,33),('CS4349.003.24S',8,4.78,4.67,0.54,0,0,1,9,23,33),('CS4349.003.24S',9,4.8,4.63,0.71,0,1,1,7,23,32),('CS4349.003.24S',10,4.78,4.58,0.83,1,0,1,8,23,33),('CS4349.003.24S',11,4.75,4.58,0.71,0,1,1,9,22,33),('CS4349.003.24S',12,4.78,4.61,0.7,0,1,1,8,23,33),('CS4349.003.24S',13,4.36,4.18,0.92,0,2,5,11,15,33),('CS4349.003.24S',14,4.64,4.45,0.77,0,1,2,10,18,31),('CS4349.003.24S',15,4.44,4.12,1.08,1,2,5,9,16,33),('CS4349.004.24S',1,2,2,1,1,1,1,0,0,3),('CS4349.004.24S',2,2,2,1,1,1,1,0,0,3),('CS4349.004.24S',3,2,2,1,1,1,1,0,0,3),('CS4349.004.24S',4,3.25,3.33,0.58,0,0,2,1,0,3),('CS4349.004.24S',5,1.25,1.33,0.58,2,1,0,0,0,3),('CS4349.004.24S',6,3.25,3.67,1.15,0,0,2,0,1,3),('CS4349.004.24S',7,3,3.33,1.53,0,1,1,0,1,3),('CS4349.004.24S',8,4,4,1,0,0,1,1,1,3),('CS4349.004.24S',9,4,4,1,0,0,1,1,1,3),('CS4349.004.24S',10,2,2,1,1,1,1,0,0,3),('CS4349.004.24S',11,3,3,2,1,0,1,0,1,3),('CS4349.004.24S',12,4,4,1,0,0,1,1,1,3),('CS4349.004.24S',13,2,2.67,2.08,1,1,0,0,1,3),('CS4349.004.24S',14,2,2.67,2.08,1,1,0,0,1,3),('CS4349.004.24S',15,2,2.67,2.08,1,1,0,0,1,3),('CS4349.005.24S',1,4.86,4.79,0.43,0,0,0,3,11,14),('CS4349.005.24S',2,4.8,4.71,0.47,0,0,0,4,10,14),('CS4349.005.24S',3,4.63,4.57,0.51,0,0,0,6,8,14),('CS4349.005.24S',4,4.72,4.57,0.65,0,0,1,4,9,14),('CS4349.005.24S',5,4.63,4.43,0.76,0,0,2,4,8,14),('CS4349.005.24S',6,4.72,4.57,0.65,0,0,1,4,9,14),('CS4349.005.24S',7,4.63,4.5,0.65,0,0,1,5,8,14),('CS4349.005.24S',8,4,4,0.88,0,0,5,4,5,14),('CS4349.005.24S',9,4.63,4.5,0.65,0,0,1,5,8,14),('CS4349.005.24S',10,4.72,4.57,0.65,0,0,1,4,9,14),('CS4349.005.24S',11,4.5,4.29,0.91,0,1,1,5,7,14),('CS4349.005.24S',12,4.63,4.5,0.65,0,0,1,5,8,14),('CS4349.005.24S',13,3.5,3.57,1.09,1,0,6,4,3,14),('CS4349.005.24S',14,4.5,4.36,0.74,0,0,2,5,7,14),('CS4349.005.24S',15,4,3.86,1.17,0,2,4,2,6,14),('CS4349.006.24S ',1,4.42,4.12,1.17,1,1,1,6,8,17),('CS4349.006.24S ',2,4.19,3.88,1.32,2,1,0,8,6,17),('CS4349.006.24S ',3,4.06,3.88,1.11,1,1,2,8,5,17),('CS4349.006.24S ',4,4.29,4.12,1.05,1,0,2,7,7,17),('CS4349.006.24S ',5,4,3.82,1.07,1,1,2,9,4,17),('CS4349.006.24S ',6,4.65,4.41,1,1,0,0,6,10,17),('CS4349.006.24S ',7,3.8,3.76,1.09,1,0,6,5,5,17),('CS4349.006.24S ',8,4.08,3.94,1.09,1,0,4,6,6,17),('CS4349.006.24S ',9,3.86,3.76,1.03,1,0,5,7,4,17),('CS4349.006.24S ',10,3.92,3.82,1.07,1,0,5,6,5,17),('CS4349.006.24S ',11,4.56,4.47,0.62,0,0,1,7,9,17),('CS4349.006.24S ',12,4.25,4,1.17,1,1,2,6,7,17),('CS4349.006.24S ',13,2.75,3,1.22,1,7,2,5,2,17),('CS4349.006.24S ',14,4.43,4.24,1.03,1,0,1,7,8,17),('CS4349.006.24S ',15,3.92,3.76,1.15,1,1,4,6,5,17);
/*!40000 ALTER TABLE `Evaluation` ENABLE KEYS */;
UNLOCK TABLES;

--
-- Table structure for table `Instructor`
--

DROP TABLE IF EXISTS `Instructor`;
/*!40101 SET @saved_cs_client     = @@character_set_client */;
/*!50503 SET character_set_client = utf8mb4 */;
CREATE TABLE `Instructor` (
  `id` int NOT NULL AUTO_INCREMENT,
  `email` varchar(100) NOT NULL,
  `fName` varchar(100) NOT NULL,
  `lName` varchar(100) NOT NULL,
  `deptId` int DEFAULT NULL,
  PRIMARY KEY (`id`),
  UNIQUE KEY `email` (`email`),
  KEY `deptIdFK` (`deptId`),
  CONSTRAINT `deptIdFK` FOREIGN KEY (`deptId`) REFERENCES `Dept` (`id`) ON DELETE RESTRICT ON UPDATE CASCADE
) ENGINE=InnoDB AUTO_INCREMENT=19 DEFAULT CHARSET=utf8mb4 COLLATE=utf8mb4_0900_ai_ci;
/*!40101 SET character_set_client = @saved_cs_client */;

--
-- Dumping data for table `Instructor`
--

LOCK TABLES `Instructor` WRITE;
/*!40000 ALTER TABLE `Instructor` DISABLE KEYS */;
INSERT INTO `Instructor` VALUES (1,'pxd141430@utdallas.edu','Partha','De',1),(2,'serdar.erbatur@utdallas.edu','Serdar ','Erbatur',1),(3,'dzdu@utdallas.edu','Ding-Zhu','Du',1),(4,'benjamin.raichel@utdallas.edu','Benjamin ','Raichel',1),(5,'anjum.chida@utdallas.edu','Anjum','Chida',1),(6,'Omar.Hamdy@UTDallas.edu','Omar','Hamdy',1),(7,'kamran.khan@utdallas.edu','Kamran','Khan',1),(8,'chalam@utdallas.edu','Bhadrachalam','Chitturi',1),(9,'rrfeng@utdallas.edu','Ranran','Feng',1),(10,'besp@utdallas.edu','Sergey','Bereg',1),(11,'mns086000@utdallas.edu','Meghana','Satpute',1),(12,'Yi.Zhao@UTDallas.edu','Yi','Zhao',1),(13,'Greg.Ozbirn@utdallas.edu','Greg','Ozbirn',1),(14,'Srimathi.Srinivasan@utdallas.edu','Srimathi','Srinivasan',1),(15,'michael.christiansen@utdallas.edu','Michael ','Christiansen',1),(16,'ebru.cankaya@utdallas.edu','Ebru','Cankaya',1),(17,'priyan@utdallas.edu','Priya','Narayanasami',1),(18,'Mark.Paulk@utdallas.edu','Mark','Paulk',1);
/*!40000 ALTER TABLE `Instructor` ENABLE KEYS */;
UNLOCK TABLES;

--
-- Table structure for table `Question`
--

DROP TABLE IF EXISTS `Question`;
/*!40101 SET @saved_cs_client     = @@character_set_client */;
/*!50503 SET character_set_client = utf8mb4 */;
CREATE TABLE `Question` (
  `id` int NOT NULL AUTO_INCREMENT,
  `description` varchar(200) DEFAULT NULL,
  `tag` varchar(20) NOT NULL,
  PRIMARY KEY (`id`)
) ENGINE=InnoDB AUTO_INCREMENT=16 DEFAULT CHARSET=utf8mb4 COLLATE=utf8mb4_0900_ai_ci;
/*!40101 SET character_set_client = @saved_cs_client */;

--
-- Dumping data for table `Question`
--

LOCK TABLES `Question` WRITE;
/*!40000 ALTER TABLE `Question` DISABLE KEYS */;
INSERT INTO `Question` VALUES (1,'The course objectives were clearly defined.','course experience'),(2,'The course was well organized.','course experience'),(3,'Overall, the course was excellent.','course experience'),(4,'The instructor was well prepared in the subject area.','instructor'),(5,'The instructor communicated information effectively.','instructor'),(6,'The instructor seemed genuinely interested in teaching.','instructor'),(7,'The instructor provided timely feedback.','instructor'),(8,'The instructor was accessible outside of class.','instructor'),(9,'The instructor evaluated students fairly.','instructor'),(10,'Overall, this instructor was excellent.','instructor'),(11,'I was free to ask questions and express my opinions and ideas.','student experience'),(12,'My performance was evaluated fairly.','student experience'),(13,'I discussed ideas from this course with others outside the classroom.','student experience'),(14,'This course has been (or will be) of value to me.','student experience'),(15,'This course inspired me to learn more.','student experience');
/*!40000 ALTER TABLE `Question` ENABLE KEYS */;
UNLOCK TABLES;
/*!40103 SET TIME_ZONE=@OLD_TIME_ZONE */;

/*!40101 SET SQL_MODE=@OLD_SQL_MODE */;
/*!40014 SET FOREIGN_KEY_CHECKS=@OLD_FOREIGN_KEY_CHECKS */;
/*!40014 SET UNIQUE_CHECKS=@OLD_UNIQUE_CHECKS */;
/*!40101 SET CHARACTER_SET_CLIENT=@OLD_CHARACTER_SET_CLIENT */;
/*!40101 SET CHARACTER_SET_RESULTS=@OLD_CHARACTER_SET_RESULTS */;
/*!40101 SET COLLATION_CONNECTION=@OLD_COLLATION_CONNECTION */;
/*!40111 SET SQL_NOTES=@OLD_SQL_NOTES */;

-- Dump completed on 2024-07-05 23:30:32
